{
  "neumann_straight": {
    "projection": {
      "errs": [
        0.04820787642811253,
        0.04172455651779192,
        0.0322181942244793,
        0.02328455675984418
      ],
      "order": 0.8025924942629361
    },
    "ghost-trace": {
      "errs": [
        0.0035219936601293455,
        0.0019918852149665403,
        0.000995548407221687,
        0.0010891205644786646
      ],
      "order": 1.360811486749283
    },
    "ghost-denom": {
      "errs": [
        0.0037700921668719,
        0.0025313757082642678,
        0.001050973527378669,
        0.0008429015788521113
      ],
      "order": 1.7519753485001786
    }
  },
  "franke_operator": {
    "chaos0": {
      "new": {
        "errs": [
          0.06593587014817227,
          0.03378529256717592,
          0.016164300263517152,
          0.00860882272735462
        ],
        "order": 1.9686095948272646
      },
      "denom": {
        "errs": [
          0.0659358701481722,
          0.03378529256717588,
          0.016164300263517156,
          0.008608822727354635
        ],
        "order": 1.9686095948272626
      },
      "gfdm": {
        "errs": [
          0.08627664139606585,
          0.04473475281386436,
          0.02154598423916653,
          0.011508326432158211
        ],
        "order": 1.9481691039337232
      },
      "fi": {
        "errs": [
          0.08627662338129698,
          0.04473473434993138,
          0.02154596557962243,
          0.011508307705406269
        ],
        "order": 1.9481704513782903
      }
    },
    "chaos30": {
      "new": {
        "errs": [
          0.07174367080450308,
          0.047358283567954976,
          0.037063846385015184,
          0.03528878435581529
        ],
        "order": 0.6856974530425626
      },
      "denom": {
        "errs": [
          0.07138108470904014,
          0.04714704726478677,
          0.036751483343879524,
          0.034749392630642584
        ],
        "order": 0.695697866137347
      },
      "gfdm": {
        "errs": [
          0.08571403560228849,
          0.04582567473696605,
          0.022938370743855515,
          0.013012633887782978
        ],
        "order": 1.825929397980651
      },
      "fi": {
        "errs": [
          0.08571401827496625,
          0.04582565723570092,
          0.022938353567029172,
          0.013012617811912612
        ],
        "order": 1.825930391812424
      }
    },
    "chaos60": {
      "new": {
        "errs": [
          0.09232666843729496,
          0.0762631325017853,
          0.07016074879090159,
          0.07062244765548806
        ],
        "order": 0.2566930590115439
      },
      "denom": {
        "errs": [
          0.0897567617245793,
          0.07342863428710719,
          0.06679360546758613,
          0.06708461496931192
        ],
        "order": 0.2800598099898928
      },
      "gfdm": {
        "errs": [
          0.08607874239553037,
          0.047990136876698564,
          0.02497158219287564,
          0.01490567130797249
        ],
        "order": 1.7015557572790556
      },
      "fi": {
        "errs": [
          0.08607872570704539,
          0.04799012088665882,
          0.024971567450283096,
          0.014905658148806792
        ],
        "order": 1.7015564243062196
      }
    },
    "chaos90": {
      "new": {
        "errs": [
          0.12329178721826592,
          0.11089975951419592,
          0.10865456549667336,
          0.11099986185265069
        ],
        "order": 0.09727396213059915
      },
      "denom": {
        "errs": [
          0.11282912449828422,
          0.10311943541071608,
          0.09805633250396015,
          0.09983499148896616
        ],
        "order": 0.12116324731368491
      },
      "gfdm": {
        "errs": [
          0.08721751601966915,
          0.05093843934967991,
          0.027543938605858242,
          0.01703133439859136
        ],
        "order": 1.5868513020399864
      },
      "fi": {
        "errs": [
          0.08721749955544872,
          0.05093842379340255,
          0.027543924913288706,
          0.01703132304030249
        ],
        "order": 1.586851769549202
      }
    }
  },
  "B1_square_dirichlet": {
    "chaos30": {
      "firm": {
        "errs": [
          0.0018522519814079897,
          0.0012591950120618728,
          0.0006478223994300632,
          0.00041909921578199094
        ],
        "order": 1.5043866883012964
      },
      "gfdm": {
        "errs": [
          0.001905882247341634,
          0.0010439640683431821,
          0.0005719879301072796,
          0.0003164343938497357
        ],
        "order": 1.7600447066905447
      },
      "fi": {
        "errs": [
          0.0019058762990119063,
          0.001043957224475315,
          0.0005719806165400195,
          0.0003164265830003854
        ],
        "order": 1.7600654494627626
      }
    },
    "chaos60": {
      "firm": {
        "errs": [
          0.004061049589630822,
          0.0034550596424469514,
          0.0017478270789563393,
          0.0010857796041203517
        ],
        "order": 1.3587301433345524
      },
      "gfdm": {
        "errs": [
          0.001957769410560646,
          0.0010551814621640229,
          0.0005860167313369354,
          0.00032284826613870703
        ],
        "order": 1.7622511724406487
      },
      "fi": {
        "errs": [
          0.0019577634098067714,
          0.0010551748454525618,
          0.0005860094964102631,
          0.0003228406373597633
        ],
        "order": 1.7622709934121163
      }
    },
    "chaos90": {
      "firm": {
        "errs": [
          0.007596528458466499,
          0.0060603654116750776,
          0.003180927411304298,
          0.0018363426106352
        ],
        "order": 1.4368564078560668
      },
      "gfdm": {
        "errs": [
          0.0020168901692823905,
          0.0010706406700308323,
          0.0006017017220345674,
          0.0003260125317287919
        ],
        "order": 1.7764353991186668
      },
      "fi": {
        "errs": [
          0.0020168841572455977,
          0.0010706339434878606,
          0.0006016944544061319,
          0.000326004829685951
        ],
        "order": 1.77645520709258
      }
    }
  },
  "neumann_baseline": {
    "chaos30": {
      "firm-proj": {
        "errs": [
          0.10547958497372695,
          0.07223397483504171,
          0.05964394272571577,
          0.03924717874216646
        ],
        "order": 0.9278888103825153
      },
      "firm-ghost": {
        "errs": [
          0.011436496784624989,
          0.015937636570961235,
          0.002199387252794939,
          0.004702204068002886
        ],
        "order": 1.3655259029786893
      },
      "gfdm-constraint": {
        "errs": [
          0.12213160757190239,
          0.0877294982816241,
          0.06700353950147447,
          0.046862877354594705
        ],
        "order": 0.9235677131416236
      },
      "gfdm-penalty": {
        "errs": [
          0.12201404622324535,
          0.08762069575663989,
          0.06694225309211906,
          0.04680192310423341
        ],
        "order": 0.9237704534211446
      }
    },
    "chaos60": {
      "firm-proj": {
        "errs": [
          0.10872937531768957,
          0.08501589482904623,
          0.06249260423479998,
          0.044933114278156286
        ],
        "order": 0.8685135471045651
      },
      "firm-ghost": {
        "errs": [
          0.01362849820740484,
          0.018531897844666648,
          0.004727125882063747,
          0.007655583104792747
        ],
        "order": 0.9083926840849826
      },
      "gfdm-constraint": {
        "errs": [
          0.12147886825077331,
          0.09808259678692138,
          0.06831252369625693,
          0.05033498526038741
        ],
        "order": 0.8817618348230531
      },